{
  "n_splits": 3,
  "val_size": 90,
  "gap_size": 30,
  "min_train_size": 800,
  "step": 90,
  "feature_mode": "log_returns",
  "target_count": 20,
  "fold_scores": [
    {
      "fold": 1,
      "score": 0.059795148232004
    },
    {
      "fold": 2,
      "score": 0.0009606691778513899
    },
    {
      "fold": 3,
      "score": 0.013218110094895099
    }
  ],
  "mean_score": 0.02465797583491683,
  "std_score": 0.025344649369648982
}