{
  "n_splits": 3,
  "val_size": 90,
  "gap_size": 30,
  "min_train_size": 800,
  "step": 90,
  "feature_mode": "log_returns",
  "target_count": 424,
  "fold_scores": [
    {
      "fold": 1,
      "score": -0.11074577080863258
    },
    {
      "fold": 2,
      "score": 0.09897064173836885
    },
    {
      "fold": 3,
      "score": 0.22312866804245537
    }
  ],
  "mean_score": 0.07045117965739721,
  "std_score": 0.13778740875608145
}